-- phpMyAdmin SQL Dump
-- version 5.1.0
-- https://www.phpmyadmin.net/
--
-- Host: 127.0.0.1
-- Generation Time: Jan 29, 2022 at 12:16 PM
-- Server version: 10.4.19-MariaDB
-- PHP Version: 7.3.28

SET SQL_MODE = "NO_AUTO_VALUE_ON_ZERO";
START TRANSACTION;
SET time_zone = "+00:00";


/*!40101 SET @OLD_CHARACTER_SET_CLIENT=@@CHARACTER_SET_CLIENT */;
/*!40101 SET @OLD_CHARACTER_SET_RESULTS=@@CHARACTER_SET_RESULTS */;
/*!40101 SET @OLD_COLLATION_CONNECTION=@@COLLATION_CONNECTION */;
/*!40101 SET NAMES utf8mb4 */;

--
-- Database: `data_maha_teli`
--

-- --------------------------------------------------------

--
-- Table structure for table `about_shop_own`
--

CREATE TABLE `about_shop_own` (
  `website_id` int(11) NOT NULL,
  `website_number` varchar(100) NOT NULL,
  `website_name` varchar(200) NOT NULL,
  `owner_name` varchar(200) NOT NULL,
  `website_contact` varchar(20) NOT NULL,
  `website_contact1` varchar(20) DEFAULT NULL,
  `website_email` varchar(100) NOT NULL,
  `website_email1` varchar(200) DEFAULT NULL,
  `website_address` text NOT NULL,
  `website_address1` varchar(255) DEFAULT NULL,
  `website_gstno` varchar(50) NOT NULL,
  `website_url` text NOT NULL,
  `website_van` varchar(50) NOT NULL,
  `website_pan` varchar(50) NOT NULL,
  `website_terms_conditions` longtext NOT NULL,
  `bank_name` varchar(100) NOT NULL,
  `account_name` varchar(100) NOT NULL,
  `account_number` varchar(100) NOT NULL,
  `ifsc_code` varchar(100) NOT NULL,
  `admin` int(11) NOT NULL,
  `print_flag` tinyint(2) NOT NULL DEFAULT 1 COMMENT '1-Horizontal / 2- Vertical',
  `status` tinyint(1) NOT NULL DEFAULT 1 COMMENT '0- deactive/ 1- activeshop',
  `logo` varchar(255) DEFAULT NULL
) ENGINE=InnoDB DEFAULT CHARSET=latin1;

--
-- Dumping data for table `about_shop_own`
--

INSERT INTO `about_shop_own` (`website_id`, `website_number`, `website_name`, `owner_name`, `website_contact`, `website_contact1`, `website_email`, `website_email1`, `website_address`, `website_address1`, `website_gstno`, `website_url`, `website_van`, `website_pan`, `website_terms_conditions`, `bank_name`, `account_name`, `account_number`, `ifsc_code`, `admin`, `print_flag`, `status`, `logo`) VALUES
(1, '7391915164', 'Mahateli', '', '7620508512', '', 'dipaklokhande81800@gmail.com', 'dipaklokhande81@gmail.com', '', '', '', '', '', '', 'http://localhost/mahateli/terms_conditions', '', '', '', '', 1, 1, 1, '');

-- --------------------------------------------------------

--
-- Table structure for table `authenticate`
--

CREATE TABLE `authenticate` (
  `id` int(11) NOT NULL,
  `user_id` int(11) NOT NULL,
  `random_no` varchar(20) NOT NULL,
  `start_number` int(20) NOT NULL,
  `end_number` int(20) NOT NULL,
  `valid_upto` datetime NOT NULL,
  `flag` tinyint(4) NOT NULL COMMENT '0-Admin, 1-users, 2- sunscribe_user',
  `user_level` varchar(50) NOT NULL,
  `status` int(4) NOT NULL DEFAULT 1 COMMENT '1-Activate / 2- Inactivate',
  `created_date` datetime NOT NULL DEFAULT current_timestamp()
) ENGINE=InnoDB DEFAULT CHARSET=latin1;

-- --------------------------------------------------------

--
-- Table structure for table `caste`
--

CREATE TABLE `caste` (
  `id` int(11) NOT NULL,
  `user_id` varchar(15) NOT NULL,
  `family_id` int(11) NOT NULL,
  `caste_name` varchar(500) NOT NULL,
  `sub_caste_name` varchar(100) NOT NULL,
  `status` tinyint(4) NOT NULL DEFAULT 2 COMMENT '1-Active, 2-Inactive,',
  `created_by` int(11) NOT NULL,
  `created_date` timestamp NOT NULL DEFAULT current_timestamp(),
  `added_by` int(11) NOT NULL,
  `added_date` timestamp NULL DEFAULT NULL,
  `update_by` int(11) NOT NULL,
  `update_date` timestamp NOT NULL DEFAULT current_timestamp() ON UPDATE current_timestamp()
) ENGINE=InnoDB DEFAULT CHARSET=latin1;

--
-- Dumping data for table `caste`
--

INSERT INTO `caste` (`id`, `user_id`, `family_id`, `caste_name`, `sub_caste_name`, `status`, `created_by`, `created_date`, `added_by`, `added_date`, `update_by`, `update_date`) VALUES
(1, '1', 0, 'Teli', 'Savji', 0, 0, '2022-01-19 16:40:02', 0, NULL, 1, '2022-01-19 16:43:36'),
(2, '1', 0, 'Teli', 'Savji', 1, 0, '2022-01-19 16:43:36', 1, '2022-01-19 16:43:36', 0, '2022-01-19 16:43:36'),
(3, '', 3, 'Teli', 'Savji', 1, 1, '2022-01-19 16:57:58', 0, NULL, 0, '2022-01-19 16:57:58'),
(4, '', 4, 'Teli', 'Savji', 0, 1, '2022-01-19 16:58:42', 0, NULL, 1, '2022-01-19 17:21:15'),
(5, '', 5, 'Teli', 'Savji', 1, 1, '2022-01-19 17:15:35', 0, NULL, 0, '2022-01-19 17:15:35');

-- --------------------------------------------------------

--
-- Table structure for table `city`
--

CREATE TABLE `city` (
  `id` int(11) NOT NULL,
  `country_id` int(11) NOT NULL,
  `state_id` int(11) NOT NULL,
  `city_name` varchar(80) NOT NULL,
  `status_id` tinyint(4) NOT NULL
) ENGINE=InnoDB DEFAULT CHARSET=latin1;

--
-- Dumping data for table `city`
--

INSERT INTO `city` (`id`, `country_id`, `state_id`, `city_name`, `status_id`) VALUES
(1, 110, 1, 'Pune', 1);

-- --------------------------------------------------------

--
-- Table structure for table `ci_sessions`
--

CREATE TABLE `ci_sessions` (
  `id` varchar(128) NOT NULL,
  `ip_address` varchar(45) NOT NULL,
  `timestamp` int(10) UNSIGNED NOT NULL DEFAULT 0,
  `data` blob NOT NULL
) ENGINE=InnoDB DEFAULT CHARSET=latin1;

--
-- Dumping data for table `ci_sessions`
--

INSERT INTO `ci_sessions` (`id`, `ip_address`, `timestamp`, `data`) VALUES
('hj9qaigicfjrpcctub851q4le9vbohlv', '::1', 1642610955, 0x5f5f63695f6c6173745f726567656e65726174657c693a313634323631303935353b70726f66696c657c4f3a383a22737464436c617373223a31303a7b733a323a226964223b733a313a2231223b733a353a22656d61696c223b733a32353a22646970616b6c6f6b68616e6465383140676d61696c2e636f6d223b733a383a2270617373776f7264223b733a33323a223637366330336532653138373966376265653830336135306536386630376334223b733a373a22636f6e74616374223b733a31303a2237363230353038353132223b733a353a22696d616765223b733a33343a22313634323434313332315f494d472d32303230303930392d5741303030312e6a7067223b733a393a227374617475735f6964223b733a313a2231223b733a393a2272616e646f6d5f6e6f223b733a363a22383436343938223b733a31303a2276616c69645f74696c6c223b733a31393a22323032322d30312d31372032333a32323a3031223b733a343a22666c6167223b733a313a2230223b733a31303a22757365725f6c6576656c223b733a303a22223b7d757365725f70726f66696c657c4f3a383a22737464436c617373223a31303a7b733a323a226964223b733a313a2231223b733a353a22656d61696c223b733a32353a22646970616b6c6f6b68616e6465383140676d61696c2e636f6d223b733a383a2270617373776f7264223b733a33323a223637366330336532653138373966376265653830336135306536386630376334223b733a373a22636f6e74616374223b733a31303a2237363230353038353132223b733a353a22696d616765223b733a33343a22313634323631303430325f494d472d32303230303930392d5741303030312e6a7067223b733a393a227374617475735f6964223b733a313a2231223b733a393a2272616e646f6d5f6e6f223b733a363a22353835363539223b733a31303a2276616c69645f74696c6c223b733a31393a22323032322d30312d31392032323a32303a3032223b733a343a22666c6167223b733a313a2233223b733a31303a22757365725f6c6576656c223b733a303a22223b7d73657373696f6e5f69647c733a313a2231223b),
('1q5omv4940grjdu064u13d5gv6lnpspv', '::1', 1642611305, 0x5f5f63695f6c6173745f726567656e65726174657c693a313634323631313330353b70726f66696c657c4f3a383a22737464436c617373223a31303a7b733a323a226964223b733a313a2231223b733a353a22656d61696c223b733a32353a22646970616b6c6f6b68616e6465383140676d61696c2e636f6d223b733a383a2270617373776f7264223b733a33323a223637366330336532653138373966376265653830336135306536386630376334223b733a373a22636f6e74616374223b733a31303a2237363230353038353132223b733a353a22696d616765223b733a33343a22313634323434313332315f494d472d32303230303930392d5741303030312e6a7067223b733a393a227374617475735f6964223b733a313a2231223b733a393a2272616e646f6d5f6e6f223b733a363a22383436343938223b733a31303a2276616c69645f74696c6c223b733a31393a22323032322d30312d31372032333a32323a3031223b733a343a22666c6167223b733a313a2230223b733a31303a22757365725f6c6576656c223b733a303a22223b7d757365725f70726f66696c657c4f3a383a22737464436c617373223a31303a7b733a323a226964223b733a313a2231223b733a353a22656d61696c223b733a32353a22646970616b6c6f6b68616e6465383140676d61696c2e636f6d223b733a383a2270617373776f7264223b733a33323a223637366330336532653138373966376265653830336135306536386630376334223b733a373a22636f6e74616374223b733a31303a2237363230353038353132223b733a353a22696d616765223b733a33343a22313634323631303430325f494d472d32303230303930392d5741303030312e6a7067223b733a393a227374617475735f6964223b733a313a2231223b733a393a2272616e646f6d5f6e6f223b733a363a22353835363539223b733a31303a2276616c69645f74696c6c223b733a31393a22323032322d30312d31392032323a32303a3032223b733a343a22666c6167223b733a313a2233223b733a31303a22757365725f6c6576656c223b733a303a22223b7d73657373696f6e5f69647c733a313a2231223b),
('h3bjfqmmk7vsuauphnbkekk95ge49rnq', '::1', 1642611770, 0x5f5f63695f6c6173745f726567656e65726174657c693a313634323631313737303b70726f66696c657c4f3a383a22737464436c617373223a31303a7b733a323a226964223b733a313a2231223b733a353a22656d61696c223b733a32353a22646970616b6c6f6b68616e6465383140676d61696c2e636f6d223b733a383a2270617373776f7264223b733a33323a223637366330336532653138373966376265653830336135306536386630376334223b733a373a22636f6e74616374223b733a31303a2237363230353038353132223b733a353a22696d616765223b733a33343a22313634323434313332315f494d472d32303230303930392d5741303030312e6a7067223b733a393a227374617475735f6964223b733a313a2231223b733a393a2272616e646f6d5f6e6f223b733a363a22383436343938223b733a31303a2276616c69645f74696c6c223b733a31393a22323032322d30312d31372032333a32323a3031223b733a343a22666c6167223b733a313a2230223b733a31303a22757365725f6c6576656c223b733a303a22223b7d757365725f70726f66696c657c4f3a383a22737464436c617373223a31303a7b733a323a226964223b733a313a2231223b733a353a22656d61696c223b733a32353a22646970616b6c6f6b68616e6465383140676d61696c2e636f6d223b733a383a2270617373776f7264223b733a33323a223637366330336532653138373966376265653830336135306536386630376334223b733a373a22636f6e74616374223b733a31303a2237363230353038353132223b733a353a22696d616765223b733a33343a22313634323631303430325f494d472d32303230303930392d5741303030312e6a7067223b733a393a227374617475735f6964223b733a313a2231223b733a393a2272616e646f6d5f6e6f223b733a363a22353835363539223b733a31303a2276616c69645f74696c6c223b733a31393a22323032322d30312d31392032323a32303a3032223b733a343a22666c6167223b733a313a2233223b733a31303a22757365725f6c6576656c223b733a303a22223b7d73657373696f6e5f69647c733a313a2231223b),
('fhg9jvcgkn5t0e0o8n9m2v5radt534v0', '::1', 1642612278, 0x5f5f63695f6c6173745f726567656e65726174657c693a313634323631323237383b70726f66696c657c4f3a383a22737464436c617373223a31303a7b733a323a226964223b733a313a2231223b733a353a22656d61696c223b733a32353a22646970616b6c6f6b68616e6465383140676d61696c2e636f6d223b733a383a2270617373776f7264223b733a33323a223637366330336532653138373966376265653830336135306536386630376334223b733a373a22636f6e74616374223b733a31303a2237363230353038353132223b733a353a22696d616765223b733a33343a22313634323434313332315f494d472d32303230303930392d5741303030312e6a7067223b733a393a227374617475735f6964223b733a313a2231223b733a393a2272616e646f6d5f6e6f223b733a363a22383436343938223b733a31303a2276616c69645f74696c6c223b733a31393a22323032322d30312d31372032333a32323a3031223b733a343a22666c6167223b733a313a2230223b733a31303a22757365725f6c6576656c223b733a303a22223b7d757365725f70726f66696c657c4f3a383a22737464436c617373223a31303a7b733a323a226964223b733a313a2231223b733a353a22656d61696c223b733a32353a22646970616b6c6f6b68616e6465383140676d61696c2e636f6d223b733a383a2270617373776f7264223b733a33323a223637366330336532653138373966376265653830336135306536386630376334223b733a373a22636f6e74616374223b733a31303a2237363230353038353132223b733a353a22696d616765223b733a33343a22313634323631303430325f494d472d32303230303930392d5741303030312e6a7067223b733a393a227374617475735f6964223b733a313a2231223b733a393a2272616e646f6d5f6e6f223b733a363a22353835363539223b733a31303a2276616c69645f74696c6c223b733a31393a22323032322d30312d31392032323a32303a3032223b733a343a22666c6167223b733a313a2233223b733a31303a22757365725f6c6576656c223b733a303a22223b7d73657373696f6e5f69647c733a313a2231223b),
('ulvbqcs5cptjdvttclctj8bm5qc8eqmn', '::1', 1642612647, 0x5f5f63695f6c6173745f726567656e65726174657c693a313634323631323634373b70726f66696c657c4f3a383a22737464436c617373223a31303a7b733a323a226964223b733a313a2231223b733a353a22656d61696c223b733a32353a22646970616b6c6f6b68616e6465383140676d61696c2e636f6d223b733a383a2270617373776f7264223b733a33323a223637366330336532653138373966376265653830336135306536386630376334223b733a373a22636f6e74616374223b733a31303a2237363230353038353132223b733a353a22696d616765223b733a33343a22313634323434313332315f494d472d32303230303930392d5741303030312e6a7067223b733a393a227374617475735f6964223b733a313a2231223b733a393a2272616e646f6d5f6e6f223b733a363a22383436343938223b733a31303a2276616c69645f74696c6c223b733a31393a22323032322d30312d31372032333a32323a3031223b733a343a22666c6167223b733a313a2230223b733a31303a22757365725f6c6576656c223b733a303a22223b7d757365725f70726f66696c657c4f3a383a22737464436c617373223a31303a7b733a323a226964223b733a313a2231223b733a353a22656d61696c223b733a32353a22646970616b6c6f6b68616e6465383140676d61696c2e636f6d223b733a383a2270617373776f7264223b733a33323a223637366330336532653138373966376265653830336135306536386630376334223b733a373a22636f6e74616374223b733a31303a2237363230353038353132223b733a353a22696d616765223b733a33343a22313634323631303631365f494d472d32303230303930392d5741303030312e6a7067223b733a393a227374617475735f6964223b733a313a2231223b733a393a2272616e646f6d5f6e6f223b733a363a22353835363539223b733a31303a2276616c69645f74696c6c223b733a31393a22323032322d30312d31392032323a32303a3032223b733a343a22666c6167223b733a313a2233223b733a31303a22757365725f6c6576656c223b733a303a22223b7d73657373696f6e5f69647c733a313a2231223b),
('hmn1dpbriqaeoveg0g59aanv0pejjl8v', '::1', 1642612820, 0x5f5f63695f6c6173745f726567656e65726174657c693a313634323631323634373b70726f66696c657c4f3a383a22737464436c617373223a31303a7b733a323a226964223b733a313a2231223b733a353a22656d61696c223b733a32353a22646970616b6c6f6b68616e6465383140676d61696c2e636f6d223b733a383a2270617373776f7264223b733a33323a223637366330336532653138373966376265653830336135306536386630376334223b733a373a22636f6e74616374223b733a31303a2237363230353038353132223b733a353a22696d616765223b733a33343a22313634323434313332315f494d472d32303230303930392d5741303030312e6a7067223b733a393a227374617475735f6964223b733a313a2231223b733a393a2272616e646f6d5f6e6f223b733a363a22383436343938223b733a31303a2276616c69645f74696c6c223b733a31393a22323032322d30312d31372032333a32323a3031223b733a343a22666c6167223b733a313a2230223b733a31303a22757365725f6c6576656c223b733a303a22223b7d757365725f70726f66696c657c733a303a22223b),
('4hv7glqpliime7gnd4jf91k7kjipcjhg', '::1', 1642613155, 0x5f5f63695f6c6173745f726567656e65726174657c693a313634323631333135353b757365725f70726f66696c657c4f3a383a22737464436c617373223a31303a7b733a323a226964223b733a313a2231223b733a353a22656d61696c223b733a32353a22646970616b6c6f6b68616e6465383140676d61696c2e636f6d223b733a383a2270617373776f7264223b733a33323a223637366330336532653138373966376265653830336135306536386630376334223b733a373a22636f6e74616374223b733a31303a2237363230353038353132223b733a353a22696d616765223b733a33343a22313634323631303631365f494d472d32303230303930392d5741303030312e6a7067223b733a393a227374617475735f6964223b733a313a2231223b733a393a2272616e646f6d5f6e6f223b733a363a22353835363539223b733a31303a2276616c69645f74696c6c223b733a31393a22323032322d30312d31392032323a32303a3032223b733a343a22666c6167223b733a313a2233223b733a31303a22757365725f6c6576656c223b733a303a22223b7d73657373696f6e5f69647c733a313a2231223b70726f66696c657c4f3a383a22737464436c617373223a31303a7b733a323a226964223b733a313a2232223b733a353a22656d61696c223b733a31383a2261646d696e406d61686174656c692e636f6d223b733a383a2270617373776f7264223b733a33323a223231323332663239376135376135613734333839346130653461383031666333223b733a373a22636f6e74616374223b733a31303a2237333931393135313634223b733a353a22696d616765223b733a303a22223b733a393a227374617475735f6964223b733a313a2231223b733a393a2272616e646f6d5f6e6f223b733a303a22223b733a31303a2276616c69645f74696c6c223b733a31393a22303030302d30302d30302030303a30303a3030223b733a343a22666c6167223b733a313a2230223b733a31303a22757365725f6c6576656c223b733a303a22223b7d),
('r2aa4e3mcq120kf493csiqveppedqt7l', '::1', 1642613572, 0x5f5f63695f6c6173745f726567656e65726174657c693a313634323631333537323b757365725f70726f66696c657c4f3a383a22737464436c617373223a31303a7b733a323a226964223b733a313a2231223b733a353a22656d61696c223b733a32353a22646970616b6c6f6b68616e6465383140676d61696c2e636f6d223b733a383a2270617373776f7264223b733a33323a223637366330336532653138373966376265653830336135306536386630376334223b733a373a22636f6e74616374223b733a31303a2237363230353038353132223b733a353a22696d616765223b733a33343a22313634323631303631365f494d472d32303230303930392d5741303030312e6a7067223b733a393a227374617475735f6964223b733a313a2231223b733a393a2272616e646f6d5f6e6f223b733a363a22353835363539223b733a31303a2276616c69645f74696c6c223b733a31393a22323032322d30312d31392032323a32303a3032223b733a343a22666c6167223b733a313a2233223b733a31303a22757365725f6c6576656c223b733a303a22223b7d73657373696f6e5f69647c733a313a2231223b70726f66696c657c4f3a383a22737464436c617373223a31303a7b733a323a226964223b733a313a2232223b733a353a22656d61696c223b733a31383a2261646d696e406d61686174656c692e636f6d223b733a383a2270617373776f7264223b733a33323a223231323332663239376135376135613734333839346130653461383031666333223b733a373a22636f6e74616374223b733a31303a2237333931393135313634223b733a353a22696d616765223b733a303a22223b733a393a227374617475735f6964223b733a313a2231223b733a393a2272616e646f6d5f6e6f223b733a303a22223b733a31303a2276616c69645f74696c6c223b733a31393a22303030302d30302d30302030303a30303a3030223b733a343a22666c6167223b733a313a2230223b733a31303a22757365725f6c6576656c223b733a303a22223b7d),
('4au8dv775mp1bq9shu2m3fsmquqhje0m', '::1', 1642613904, 0x5f5f63695f6c6173745f726567656e65726174657c693a313634323631333930343b757365725f70726f66696c657c4f3a383a22737464436c617373223a31303a7b733a323a226964223b733a313a2231223b733a353a22656d61696c223b733a32353a22646970616b6c6f6b68616e6465383140676d61696c2e636f6d223b733a383a2270617373776f7264223b733a33323a223637366330336532653138373966376265653830336135306536386630376334223b733a373a22636f6e74616374223b733a31303a2237363230353038353132223b733a353a22696d616765223b733a33343a22313634323631303631365f494d472d32303230303930392d5741303030312e6a7067223b733a393a227374617475735f6964223b733a313a2231223b733a393a2272616e646f6d5f6e6f223b733a363a22353835363539223b733a31303a2276616c69645f74696c6c223b733a31393a22323032322d30312d31392032323a32303a3032223b733a343a22666c6167223b733a313a2233223b733a31303a22757365725f6c6576656c223b733a303a22223b7d73657373696f6e5f69647c733a313a2231223b70726f66696c657c4f3a383a22737464436c617373223a31303a7b733a323a226964223b733a313a2232223b733a353a22656d61696c223b733a31383a2261646d696e406d61686174656c692e636f6d223b733a383a2270617373776f7264223b733a33323a223231323332663239376135376135613734333839346130653461383031666333223b733a373a22636f6e74616374223b733a31303a2237333931393135313634223b733a353a22696d616765223b733a303a22223b733a393a227374617475735f6964223b733a313a2231223b733a393a2272616e646f6d5f6e6f223b733a303a22223b733a31303a2276616c69645f74696c6c223b733a31393a22303030302d30302d30302030303a30303a3030223b733a343a22666c6167223b733a313a2230223b733a31303a22757365725f6c6576656c223b733a303a22223b7d),
('u0iopkkbmsjl3ndh1r1qc5145bov1tdj', '::1', 1642614269, 0x5f5f63695f6c6173745f726567656e65726174657c693a313634323631343236393b757365725f70726f66696c657c4f3a383a22737464436c617373223a31303a7b733a323a226964223b733a313a2231223b733a353a22656d61696c223b733a32353a22646970616b6c6f6b68616e6465383140676d61696c2e636f6d223b733a383a2270617373776f7264223b733a33323a223637366330336532653138373966376265653830336135306536386630376334223b733a373a22636f6e74616374223b733a31303a2237363230353038353132223b733a353a22696d616765223b733a33343a22313634323631303631365f494d472d32303230303930392d5741303030312e6a7067223b733a393a227374617475735f6964223b733a313a2231223b733a393a2272616e646f6d5f6e6f223b733a363a22353835363539223b733a31303a2276616c69645f74696c6c223b733a31393a22323032322d30312d31392032323a32303a3032223b733a343a22666c6167223b733a313a2233223b733a31303a22757365725f6c6576656c223b733a303a22223b7d73657373696f6e5f69647c733a313a2231223b70726f66696c657c4f3a383a22737464436c617373223a31303a7b733a323a226964223b733a313a2232223b733a353a22656d61696c223b733a31383a2261646d696e406d61686174656c692e636f6d223b733a383a2270617373776f7264223b733a33323a223231323332663239376135376135613734333839346130653461383031666333223b733a373a22636f6e74616374223b733a31303a2237333931393135313634223b733a353a22696d616765223b733a303a22223b733a393a227374617475735f6964223b733a313a2231223b733a393a2272616e646f6d5f6e6f223b733a303a22223b733a31303a2276616c69645f74696c6c223b733a31393a22303030302d30302d30302030303a30303a3030223b733a343a22666c6167223b733a313a2230223b733a31303a22757365725f6c6576656c223b733a303a22223b7d),
('ur5dfahh8g632nceq6ofmt3hi37jnup6', '::1', 1642615622, 0x5f5f63695f6c6173745f726567656e65726174657c693a313634323631353632323b757365725f70726f66696c657c733a303a22223b70726f66696c657c4f3a383a22737464436c617373223a31303a7b733a323a226964223b733a313a2232223b733a353a22656d61696c223b733a31383a2261646d696e406d61686174656c692e636f6d223b733a383a2270617373776f7264223b733a33323a223231323332663239376135376135613734333839346130653461383031666333223b733a373a22636f6e74616374223b733a31303a2237333931393135313634223b733a353a22696d616765223b733a303a22223b733a393a227374617475735f6964223b733a313a2231223b733a393a2272616e646f6d5f6e6f223b733a303a22223b733a31303a2276616c69645f74696c6c223b733a31393a22303030302d30302d30302030303a30303a3030223b733a343a22666c6167223b733a313a2230223b733a31303a22757365725f6c6576656c223b733a303a22223b7d),
('16lk5c89f3qrk02hi3mpk45ka4vmdaae', '::1', 1642614733, 0x5f5f63695f6c6173745f726567656e65726174657c693a313634323631343733333b757365725f70726f66696c657c4f3a383a22737464436c617373223a31303a7b733a323a226964223b733a313a2231223b733a353a22656d61696c223b733a32353a22646970616b6c6f6b68616e6465383140676d61696c2e636f6d223b733a383a2270617373776f7264223b733a33323a223637366330336532653138373966376265653830336135306536386630376334223b733a373a22636f6e74616374223b733a31303a2237363230353038353132223b733a353a22696d616765223b733a33343a22313634323631303631365f494d472d32303230303930392d5741303030312e6a7067223b733a393a227374617475735f6964223b733a313a2231223b733a393a2272616e646f6d5f6e6f223b733a363a22353835363539223b733a31303a2276616c69645f74696c6c223b733a31393a22323032322d30312d31392032323a32303a3032223b733a343a22666c6167223b733a313a2233223b733a31303a22757365725f6c6576656c223b733a303a22223b7d73657373696f6e5f69647c733a313a2231223b70726f66696c657c4f3a383a22737464436c617373223a31303a7b733a323a226964223b733a313a2232223b733a353a22656d61696c223b733a31383a2261646d696e406d61686174656c692e636f6d223b733a383a2270617373776f7264223b733a33323a223231323332663239376135376135613734333839346130653461383031666333223b733a373a22636f6e74616374223b733a31303a2237333931393135313634223b733a353a22696d616765223b733a303a22223b733a393a227374617475735f6964223b733a313a2231223b733a393a2272616e646f6d5f6e6f223b733a303a22223b733a31303a2276616c69645f74696c6c223b733a31393a22303030302d30302d30302030303a30303a3030223b733a343a22666c6167223b733a313a2230223b733a31303a22757365725f6c6576656c223b733a303a22223b7d),
('7ps5pri2hgddu4ifmeimohei1o212gfj', '::1', 1642615941, 0x5f5f63695f6c6173745f726567656e65726174657c693a313634323631353934313b757365725f70726f66696c657c733a303a22223b70726f66696c657c4f3a383a22737464436c617373223a31303a7b733a323a226964223b733a313a2232223b733a353a22656d61696c223b733a31383a2261646d696e406d61686174656c692e636f6d223b733a383a2270617373776f7264223b733a33323a223231323332663239376135376135613734333839346130653461383031666333223b733a373a22636f6e74616374223b733a31303a2237333931393135313634223b733a353a22696d616765223b733a303a22223b733a393a227374617475735f6964223b733a313a2231223b733a393a2272616e646f6d5f6e6f223b733a303a22223b733a31303a2276616c69645f74696c6c223b733a31393a22303030302d30302d30302030303a30303a3030223b733a343a22666c6167223b733a313a2230223b733a31303a22757365725f6c6576656c223b733a303a22223b7d),
('ns2lvirtc2ata9tf56hhentverdq9ue7', '::1', 1642616450, 0x5f5f63695f6c6173745f726567656e65726174657c693a313634323631363435303b757365725f70726f66696c657c733a303a22223b70726f66696c657c4f3a383a22737464436c617373223a31303a7b733a323a226964223b733a313a2232223b733a353a22656d61696c223b733a31383a2261646d696e406d61686174656c692e636f6d223b733a383a2270617373776f7264223b733a33323a223231323332663239376135376135613734333839346130653461383031666333223b733a373a22636f6e74616374223b733a31303a2237333931393135313634223b733a353a22696d616765223b733a303a22223b733a393a227374617475735f6964223b733a313a2231223b733a393a2272616e646f6d5f6e6f223b733a303a22223b733a31303a2276616c69645f74696c6c223b733a31393a22303030302d30302d30302030303a30303a3030223b733a343a22666c6167223b733a313a2230223b733a31303a22757365725f6c6576656c223b733a303a22223b7d),
('fsglra4gg8u77mqpeecrj512ljje26qn', '::1', 1642617240, 0x5f5f63695f6c6173745f726567656e65726174657c693a313634323631373234303b757365725f70726f66696c657c733a303a22223b70726f66696c657c4f3a383a22737464436c617373223a31303a7b733a323a226964223b733a313a2232223b733a353a22656d61696c223b733a31383a2261646d696e406d61686174656c692e636f6d223b733a383a2270617373776f7264223b733a33323a223231323332663239376135376135613734333839346130653461383031666333223b733a373a22636f6e74616374223b733a31303a2237333931393135313634223b733a353a22696d616765223b733a303a22223b733a393a227374617475735f6964223b733a313a2231223b733a393a2272616e646f6d5f6e6f223b733a303a22223b733a31303a2276616c69645f74696c6c223b733a31393a22303030302d30302d30302030303a30303a3030223b733a343a22666c6167223b733a313a2230223b733a31303a22757365725f6c6576656c223b733a303a22223b7d),
('014t5mus5rkdpfu4gqoeh0e584323qd9', '::1', 1642617587, 0x5f5f63695f6c6173745f726567656e65726174657c693a313634323631373538373b757365725f70726f66696c657c733a303a22223b70726f66696c657c4f3a383a22737464436c617373223a31303a7b733a323a226964223b733a313a2232223b733a353a22656d61696c223b733a31383a2261646d696e406d61686174656c692e636f6d223b733a383a2270617373776f7264223b733a33323a223231323332663239376135376135613734333839346130653461383031666333223b733a373a22636f6e74616374223b733a31303a2237333931393135313634223b733a353a22696d616765223b733a303a22223b733a393a227374617475735f6964223b733a313a2231223b733a393a2272616e646f6d5f6e6f223b733a303a22223b733a31303a2276616c69645f74696c6c223b733a31393a22303030302d30302d30302030303a30303a3030223b733a343a22666c6167223b733a313a2230223b733a31303a22757365725f6c6576656c223b733a303a22223b7d),
('rco8cqsl6s4t7mt5jf1i7tfrnsgleumq', '::1', 1642618305, 0x5f5f63695f6c6173745f726567656e65726174657c693a313634323631383330353b757365725f70726f66696c657c733a303a22223b70726f66696c657c4f3a383a22737464436c617373223a31303a7b733a323a226964223b733a313a2232223b733a353a22656d61696c223b733a31383a2261646d696e406d61686174656c692e636f6d223b733a383a2270617373776f7264223b733a33323a223231323332663239376135376135613734333839346130653461383031666333223b733a373a22636f6e74616374223b733a31303a2237333931393135313634223b733a353a22696d616765223b733a303a22223b733a393a227374617475735f6964223b733a313a2231223b733a393a2272616e646f6d5f6e6f223b733a303a22223b733a31303a2276616c69645f74696c6c223b733a31393a22303030302d30302d30302030303a30303a3030223b733a343a22666c6167223b733a313a2230223b733a31303a22757365725f6c6576656c223b733a303a22223b7d),
('h1vd1jigb7movpt85pf8d6ebbt9goept', '::1', 1642618622, 0x5f5f63695f6c6173745f726567656e65726174657c693a313634323631383632323b757365725f70726f66696c657c733a303a22223b70726f66696c657c4f3a383a22737464436c617373223a31303a7b733a323a226964223b733a313a2232223b733a353a22656d61696c223b733a31383a2261646d696e406d61686174656c692e636f6d223b733a383a2270617373776f7264223b733a33323a223231323332663239376135376135613734333839346130653461383031666333223b733a373a22636f6e74616374223b733a31303a2237333931393135313634223b733a353a22696d616765223b733a303a22223b733a393a227374617475735f6964223b733a313a2231223b733a393a2272616e646f6d5f6e6f223b733a303a22223b733a31303a2276616c69645f74696c6c223b733a31393a22303030302d30302d30302030303a30303a3030223b733a343a22666c6167223b733a313a2230223b733a31303a22757365725f6c6576656c223b733a303a22223b7d),
('ltn93sju34f3knnpm0hu4msnmj9ihr8d', '::1', 1642618922, 0x5f5f63695f6c6173745f726567656e65726174657c693a313634323631383632323b757365725f70726f66696c657c733a303a22223b70726f66696c657c733a303a22223b),
('5mvilutqbhtgb9r1v8rq1fsvqkleeit7', '::1', 1643454458, 0x5f5f63695f6c6173745f726567656e65726174657c693a313634333435343435383b),
('dtvr0mjeoitb0tbu7814f7ag22ghukva', '::1', 1643455004, 0x5f5f63695f6c6173745f726567656e65726174657c693a313634333435343435383b70726f66696c657c4f3a383a22737464436c617373223a31303a7b733a323a226964223b733a313a2231223b733a353a22656d61696c223b733a32353a22646970616b6c6f6b68616e6465383140676d61696c2e636f6d223b733a383a2270617373776f7264223b733a33323a223637366330336532653138373966376265653830336135306536386630376334223b733a373a22636f6e74616374223b733a31303a2237363230353038353132223b733a353a22696d616765223b733a33343a22313634323631303631365f494d472d32303230303930392d5741303030312e6a7067223b733a393a227374617475735f6964223b733a313a2231223b733a393a2272616e646f6d5f6e6f223b733a363a22353835363539223b733a31303a2276616c69645f74696c6c223b733a31393a22323032322d30312d31392032323a32303a3032223b733a343a22666c6167223b733a313a2232223b733a31303a22757365725f6c6576656c223b733a303a22223b7d757365725f70726f66696c657c4f3a383a22737464436c617373223a31303a7b733a323a226964223b733a313a2231223b733a353a22656d61696c223b733a32353a22646970616b6c6f6b68616e6465383140676d61696c2e636f6d223b733a383a2270617373776f7264223b733a33323a223637366330336532653138373966376265653830336135306536386630376334223b733a373a22636f6e74616374223b733a31303a2237363230353038353132223b733a353a22696d616765223b733a33343a22313634323631303631365f494d472d32303230303930392d5741303030312e6a7067223b733a393a227374617475735f6964223b733a313a2231223b733a393a2272616e646f6d5f6e6f223b733a363a22353835363539223b733a31303a2276616c69645f74696c6c223b733a31393a22323032322d30312d31392032323a32303a3032223b733a343a22666c6167223b733a313a2232223b733a31303a22757365725f6c6576656c223b733a303a22223b7d73657373696f6e5f69647c733a313a2231223b);

-- --------------------------------------------------------

--
-- Table structure for table `correspondence_address`
--

CREATE TABLE `correspondence_address` (
  `id` int(11) NOT NULL,
  `user_id` int(11) NOT NULL,
  `family_id` int(11) NOT NULL,
  `address` text NOT NULL,
  `landmark` varchar(500) NOT NULL,
  `country` varchar(100) NOT NULL,
  `state` varchar(100) NOT NULL,
  `city` varchar(100) NOT NULL,
  `district` varchar(100) NOT NULL,
  `pincode` int(11) NOT NULL,
  `created_by` int(11) NOT NULL,
  `created_date` timestamp NOT NULL DEFAULT current_timestamp() ON UPDATE current_timestamp(),
  `added_by` int(11) NOT NULL,
  `added_date` int(11) NOT NULL,
  `update_by` int(11) NOT NULL,
  `update_date` int(11) NOT NULL,
  `status` tinyint(4) NOT NULL COMMENT '1-Active, 2-Inactive'
) ENGINE=InnoDB DEFAULT CHARSET=latin1;

--
-- Dumping data for table `correspondence_address`
--

INSERT INTO `correspondence_address` (`id`, `user_id`, `family_id`, `address`, `landmark`, `country`, `state`, `city`, `district`, `pincode`, `created_by`, `created_date`, `added_by`, `added_date`, `update_by`, `update_date`, `status`) VALUES
(1, 1, 0, 'Behind hvpn near mata khidki', 'Aanand nager', 'India', 'Maharashtra', 'Amravati', 'Amravati', 444605, 0, '2022-01-19 16:58:36', 0, 0, 1, 2022, 0),
(2, 1, 0, 'Behind hvpn near mata khidki', 'Aanand nager', 'India', 'Maharashtra', 'Amravati', 'Amravati', 444605, 0, '2022-01-19 16:58:36', 1, 2022, 0, 0, 1),
(3, 0, 4, 'Behind hvpn near mata khidki', 'Aanand nager amravati', 'India', 'Maharashtra', 'Amravati', 'Amravati', 444605, 1, '2022-01-19 17:21:15', 0, 0, 1, 2022, 0),
(4, 0, 5, 'Behind hvpn near mata khidki', 'Aanand nager amravati', 'India', 'Maharashtra', 'Amravati', 'Amravati', 444605, 1, '2022-01-19 17:15:35', 0, 0, 0, 0, 1);

-- --------------------------------------------------------

--
-- Table structure for table `country`
--

CREATE TABLE `country` (
  `id` int(11) NOT NULL,
  `country_name` varchar(100) NOT NULL,
  `country_code` varchar(50) NOT NULL,
  `status_id` tinyint(4) NOT NULL DEFAULT 1
) ENGINE=InnoDB DEFAULT CHARSET=latin1;

--
-- Dumping data for table `country`
--

INSERT INTO `country` (`id`, `country_name`, `country_code`, `status_id`) VALUES
(1, 'Afghanistan', '+93', 1),
(2, 'Albania', '+355', 1),
(3, 'Algeria', '+213', 1),
(4, 'American Samoa', '+1-684', 1),
(5, 'Andorra', '+376', 1),
(6, 'Angola', '+244', 1),
(7, 'Anguilla', '+1-264', 1),
(8, 'Antarctica', '+672', 1),
(9, 'Antigua', '+1-268', 1),
(10, 'Argentina', '+54', 1),
(11, 'Armenia', '+374', 1),
(12, 'Aruba', '+297', 1),
(13, 'Ascension', '+247', 1),
(14, 'Australia', '+61', 1),
(15, 'Australian External Territories', '+672', 1),
(16, 'Austria', '+43', 1),
(17, 'Azerbaijan', '+994', 1),
(18, 'Bahamas', '+1-242', 1),
(19, 'Bahrain', '+973', 1),
(20, 'Bangladesh', '+880', 1),
(21, 'Barbados', '+1-246', 1),
(22, 'Barbuda', '+1-268', 1),
(23, 'Belarus', '+375', 1),
(24, 'Belgium', '+32', 1),
(25, 'Belize', '+501', 1),
(26, 'Benin', '+229', 1),
(27, 'Bermuda', '+1-441', 1),
(28, 'Bhutan', '+975', 1),
(29, 'Bolivia', '+591', 1),
(30, 'Bosnia & Herzegovina', '+387', 1),
(31, 'Botswana', '+267', 1),
(32, 'Brazil', '+55', 1),
(33, 'British Virgin Islands', '+1-284', 1),
(34, 'Brunei Darussalam', '+673', 1),
(35, 'Bulgaria', '+359', 1),
(36, 'Burkina Faso', '+226', 1),
(37, 'Burundi', '+257', 1),
(38, 'Cambodia', '+855', 1),
(39, 'Cameroon', '+237', 1),
(40, 'Canada', '+1', 1),
(41, 'Cape Verde Islands', '+238', 1),
(42, 'Cayman Islands', '+1-345', 1),
(43, 'Central African Republic', '+236', 1),
(44, 'Chad', '+235', 1),
(45, 'Chatham Island (New Zealand)', '+64', 1),
(46, 'Chile', '+56', 1),
(47, 'China (PRC)', '+86', 1),
(48, 'Christmas Island', '+61-8', 1),
(49, 'Cocos-Keeling Islands', '+61', 1),
(50, 'Colombia', '+57', 1),
(51, 'Comoros', '+269', 1),
(52, 'Congo', '+242', 1),
(53, 'Congo, Dem. Rep. of  (former Zaire)', '+243', 1),
(54, 'Cook Islands', '+682', 1),
(55, 'Costa Rica', '+506', 1),
(56, 'Croatia', '+385', 1),
(57, 'Cuba', '+53', 1),
(58, 'Cuba (Guantanamo Bay)', '+5399', 1),
(59, 'Curaçao', '+599', 1),
(60, 'Cyprus', '+357', 1),
(61, 'Czech Republic', '+420', 1),
(62, 'Denmark', '+45', 1),
(63, 'Diego Garcia', '+246', 1),
(64, 'Djibouti', '+253', 1),
(65, 'Dominica', '+1-767', 1),
(66, 'Dominican Republic', '+1-809 and +1-829', 1),
(67, 'East Timor', '+670', 1),
(68, 'Easter Island', '+56', 1),
(69, 'Ecuador', '+593', 1),
(70, 'Egypt', '+20', 1),
(71, 'El Salvador', '+503', 1),
(72, 'Ellipso (Mobile Satellite service)', '+8812, +8813', 1),
(73, 'EMSAT (Mobile Satellite service)', '+88213', 1),
(74, 'Equatorial Guinea', '+240', 1),
(75, 'Eritrea', '+291', 1),
(76, 'Estonia', '+372', 1),
(77, 'Ethiopia', '+251', 1),
(78, 'Falkland Islands (Malvinas)', '+500', 1),
(79, 'Faroe Islands', '+298', 1),
(80, 'Fiji Islands', '+679', 1),
(81, 'Finland', '+358', 1),
(82, 'France', '+33', 1),
(83, 'French Antilles', '+596', 1),
(84, 'French Guiana', '+594', 1),
(85, 'French Polynesia', '+689', 1),
(86, 'Gabonese Republic', '+241', 1),
(87, 'Gambia', '+220', 1),
(88, 'Georgia', '+995', 1),
(89, 'Germany', '+49', 1),
(90, 'Ghana', '+233', 1),
(91, 'Gibraltar', '+350', 1),
(92, 'Global Mobile Satellite System (GMSS)', '+881', 1),
(93, 'Globalstar (Mobile Satellite Service)', '+8818, +8819', 1),
(94, 'Greece', '+30', 1),
(95, 'Greenland', '+299', 1),
(96, 'Grenada', '+1-473', 1),
(97, 'Guadeloupe', '+590', 1),
(98, 'Guam', '+1-671', 1),
(99, 'Guantanamo Bay', '+5399', 1),
(100, 'Guatemala', '+502', 1),
(101, 'Guinea-Bissau', '+245', 1),
(102, 'Guinea', '+224', 1),
(103, 'Guyana', '+592', 1),
(104, 'Haiti', '+509', 1),
(105, 'Honduras', '+504', 1),
(106, 'Hong Kong', '+852', 1),
(107, 'Hungary', '+36', 1),
(108, 'ICO Global (Mobile Satellite Service)', '+8810, +8811', 1),
(109, 'Iceland', '+354', 1),
(110, 'India', '+91', 1),
(111, 'Indonesia', '+62', 1),
(112, 'Inmarsat (Atlantic Ocean - East)', '+871', 1),
(113, 'Inmarsat (Atlantic Ocean - West)', '+874', 1),
(114, 'Inmarsat (Indian Ocean)', '+873', 1),
(115, 'Inmarsat (Pacific Ocean)', '+872', 1),
(116, 'Inmarsat SNAC\nNote: Inmarsat plans to shift all other codes to this Single Network Access Code by 20', '+870', 1),
(117, 'International Freephone Service', '+800', 1),
(118, 'International Shared Cost Service (ISCS)', '+808', 1),
(119, 'Iran', '+98', 1),
(120, 'Iraq', '+964', 1),
(121, 'Ireland', '+353', 1),
(122, 'Iridium (Mobile Satellite service)', '+8816, +8817', 1),
(123, 'Israel', '+972', 1),
(124, 'Italy', '+39', 1),
(125, 'Jamaica', '+1-876', 1),
(126, 'Japan', '+81', 1),
(127, 'Jordan', '+962', 1),
(128, 'Kazakhstan', '+7', 1),
(129, 'Kenya', '+254', 1),
(130, 'Kiribati', '+686', 1),
(131, 'Korea (North)', '+850', 1),
(132, 'Korea (South)', '+82', 1),
(133, 'Kuwait', '+965', 1),
(134, 'Kyrgyz Republic', '+996', 1),
(135, 'Laos', '+856', 1),
(136, 'Latvia', '+371', 1),
(137, 'Lebanon', '+961', 1),
(138, 'Lesotho', '+266', 1),
(139, 'Liberia', '+231', 1),
(140, 'Libya', '+218', 1),
(141, 'Liechtenstein', '+423', 1),
(142, 'Lithuania', '+370', 1),
(143, 'Luxembourg', '+352', 1),
(144, 'Macao', '+853', 1),
(145, 'Macedonia (Former Yugoslav Rep of.)', '+389', 1),
(146, 'Madagascar', '+261', 1),
(147, 'Malawi', '+265', 1),
(148, 'Malaysia', '+60', 1),
(149, 'Maldives', '+960', 1),
(150, 'Mali Republic', '+223', 1),
(151, 'Malta', '+356', 1),
(152, 'Marshall Islands', '+692', 1),
(153, 'Martinique', '+596', 1),
(154, 'Mauritania', '+222', 1),
(155, 'Mauritius', '+230', 1),
(156, 'Mayotte Island', '+269', 1),
(157, 'Mexico', '+52', 1),
(158, 'Micronesia, (Federal States of)', '+691', 1),
(159, 'Midway Island', '+1-808', 1),
(160, 'Moldova', '+373', 1),
(161, 'Monaco', '+377', 1),
(162, 'Mongolia', '+976', 1),
(163, 'Montenegro', '+382', 1),
(164, 'Montserrat', '+1-664', 1),
(165, 'Morocco', '+212', 1),
(166, 'Mozambique', '+258', 1),
(167, 'Myanmar', '+95', 1),
(168, 'Namibia', '+264', 1),
(169, 'Nauru', '+674', 1),
(170, 'Nepal', '+977', 1),
(171, 'Netherlands', '+31', 1),
(172, 'Netherlands Antilles', '+599', 1),
(173, 'Nevis', '+1-869', 1),
(174, 'New Caledonia', '+687', 1),
(175, 'New Zealand', '+64', 1),
(176, 'Nicaragua', '+505', 1),
(177, 'Niger', '+227', 1),
(178, 'Nigeria', '+234', 1),
(179, 'Niue', '+683', 1),
(180, 'Norfolk Island', '+672', 1),
(181, 'Northern Marianas Islands \n(Saipan, Rota, & Tinian)', '+1-670', 1),
(182, 'Norway', '+47', 1),
(183, 'Oman', '+968', 1),
(184, 'Pakistan', '+92', 1),
(185, 'Palau', '+680', 1),
(186, 'Palestinian Settlements', '+970', 1),
(187, 'Panama', '+507', 1),
(188, 'Papua New Guinea', '+675', 1),
(189, 'Paraguay', '+595', 1),
(190, 'Peru', '+51', 1),
(191, 'Philippines', '+63', 1),
(192, 'Poland', '+48', 1),
(193, 'Portugal', '+351', 1),
(194, 'Puerto Rico', '+1-787 or +1-939', 1),
(195, 'Qatar', '+974', 1),
(196, 'Réunion Island', '+262', 1),
(197, 'Romania', '+40', 1),
(198, 'Russia', '+7', 1),
(199, 'Rwandese Republic', '+250', 1),
(200, 'St. Helena', '+290', 1),
(201, 'St. Kitts/Nevis', '+1-869', 1),
(202, 'St. Lucia', '+1-758', 1),
(203, 'St. Pierre & Miquelon', '+508', 1),
(204, 'St. Vincent & Grenadines', '+1-784', 1),
(205, 'Samoa', '+685', 1),
(206, 'San Marino', '+378', 1),
(207, 'São Tomé and Principe', '+239', 1),
(208, 'Saudi Arabia', '+966', 1),
(209, 'Senegal', '+221', 1),
(210, 'Serbia', '+381', 1),
(211, 'Seychelles Republic', '+248', 1),
(212, 'Sierra Leone', '+232', 1),
(213, 'Singapore', '+65', 1),
(214, 'Slovak Republic', '+421', 1),
(215, 'Slovenia', '+386', 1),
(216, 'Solomon Islands', '+677', 1),
(217, 'Somali Democratic Republic', '+252', 1),
(218, 'South Africa', '+27', 1),
(219, 'Spain', '+34', 1),
(220, 'Sri Lanka', '+94', 1),
(221, 'Sudan', '+249', 1),
(222, 'Suriname', '+597', 1),
(223, 'Swaziland', '+268', 1),
(224, 'Sweden', '+46', 1),
(225, 'Switzerland', '+41', 1),
(226, 'Syria', '+963', 1),
(227, 'Taiwan', '+886', 1),
(228, 'Tajikistan', '+992', 1),
(229, 'Tanzania', '+255', 1),
(230, 'Thailand', '+66', 1),
(231, 'Thuraya (Mobile Satellite service)', '+88216', 1),
(232, 'Timor Leste', '+670', 1),
(233, 'Togolese Republic', '+228', 1),
(234, 'Tokelau', '+690', 1),
(235, 'Tonga Islands', '+676', 1),
(236, 'Trinidad & Tobago', '+1-868', 1),
(237, 'Tunisia', '+216', 1),
(238, 'Turkey', '+90', 1),
(239, 'Turkmenistan', '+993', 1),
(240, 'Turks and Caicos Islands', '+1-649', 1),
(241, 'Tuvalu', '+688', 1),
(242, 'Uganda', '+256', 1),
(243, 'Ukraine', '+380', 1),
(244, 'United Arab Emirates', '+971', 1),
(245, 'United Kingdom', '+44', 1),
(246, 'United States of America', '+1', 1),
(247, 'US Virgin Islands', '+1-340', 1),
(248, 'Universal Personal Telecommunications (UPT)', '+878', 1),
(249, 'Uruguay', '+598', 1),
(250, 'Uzbekistan', '+998', 1),
(251, 'Vanuatu', '+678', 1),
(252, 'Vatican City', '+39, +379', 1),
(253, 'Venezuela', '+58', 1),
(254, 'Vietnam', '+84', 1),
(255, 'Wake Island', '+808', 1),
(256, 'Wallis and Futuna Islands', '+681', 1),
(257, 'Yemen', '+967', 1),
(258, 'Zambia', '+260', 1),
(259, 'Zanzibar', '+255', 1),
(260, 'Zimbabwe', '+263', 1),
(261, 'Test country', '+111', 1);

-- --------------------------------------------------------

--
-- Table structure for table `enquiry`
--

CREATE TABLE `enquiry` (
  `id` int(11) NOT NULL,
  `name` varchar(500) NOT NULL,
  `email` varchar(500) NOT NULL,
  `contact` varchar(20) NOT NULL,
  `message` varchar(500) NOT NULL,
  `created_date` timestamp NOT NULL DEFAULT current_timestamp() ON UPDATE current_timestamp(),
  `updated_date` timestamp NULL DEFAULT NULL ON UPDATE current_timestamp(),
  `status_id` tinyint(4) NOT NULL
) ENGINE=InnoDB DEFAULT CHARSET=latin1;

--
-- Dumping data for table `enquiry`
--

INSERT INTO `enquiry` (`id`, `name`, `email`, `contact`, `message`, `created_date`, `updated_date`, `status_id`) VALUES
(1, 'Dipak Manik lokhande', 'dipaklokhande81@gmail.com', '7391915164', 'piuytrdscvcbnmkjoyghjhjhiuhukdvjvclkjviojriojfdkl;jvokdhory8', '2022-01-03 17:17:41', NULL, 1),
(2, 'Dipak Manik lokhande', 'dipaklokhande81@gmail.com', '7391915164', 'oipughc', '2022-01-03 17:29:10', NULL, 1),
(3, 'Dipak Manik lokhande', 'dipaklokhande81@gmail.com', '7391915164', 'poiuyf', '2022-01-03 17:29:54', NULL, 1),
(4, 'Dipak Manik lokhande', 'dipaklokhande81@gmail.com', '7391915164', 'poiuyf', '2022-01-03 17:29:59', NULL, 1),
(5, 'Dipak Manik lokhande', 'admin@tea.com', '7391915164', 'poihg', '2022-01-03 17:30:29', NULL, 1),
(6, 'Nilesh Gulhane', 'nilesh.gulhane@gmail.com', '7894565478', 'teste', '2022-01-04 04:30:32', NULL, 1);

-- --------------------------------------------------------

--
-- Table structure for table `family_relation`
--

CREATE TABLE `family_relation` (
  `id` int(11) NOT NULL,
  `family_relation_name` varchar(500) NOT NULL,
  `status` tinyint(4) NOT NULL DEFAULT 2 COMMENT '1-Active, 2-Inactive,',
  `added_by` int(11) NOT NULL,
  `added_date` timestamp NULL DEFAULT NULL,
  `updated_by` int(11) NOT NULL,
  `updated_date` timestamp NOT NULL DEFAULT current_timestamp() ON UPDATE current_timestamp()
) ENGINE=InnoDB DEFAULT CHARSET=latin1;

--
-- Dumping data for table `family_relation`
--

INSERT INTO `family_relation` (`id`, `family_relation_name`, `status`, `added_by`, `added_date`, `updated_by`, `updated_date`) VALUES
(1, 'Father', 1, 0, '0000-00-00 00:00:00', 0, '0000-00-00 00:00:00'),
(2, 'Mother', 1, 0, '0000-00-00 00:00:00', 0, '0000-00-00 00:00:00'),
(3, 'Son', 1, 0, '0000-00-00 00:00:00', 0, '0000-00-00 00:00:00'),
(4, 'Daughter', 1, 0, '0000-00-00 00:00:00', 0, '0000-00-00 00:00:00'),
(5, 'Husband', 1, 0, '0000-00-00 00:00:00', 0, '0000-00-00 00:00:00'),
(6, 'Wife', 1, 0, '0000-00-00 00:00:00', 0, '0000-00-00 00:00:00'),
(7, 'Brother', 1, 0, '0000-00-00 00:00:00', 0, '0000-00-00 00:00:00'),
(8, 'Sister', 1, 0, '0000-00-00 00:00:00', 0, '0000-00-00 00:00:00'),
(9, 'Grandfather', 1, 0, '0000-00-00 00:00:00', 0, '0000-00-00 00:00:00'),
(10, 'Grandmother', 1, 0, '0000-00-00 00:00:00', 0, '0000-00-00 00:00:00'),
(11, 'grandson', 1, 0, '0000-00-00 00:00:00', 0, '0000-00-00 00:00:00'),
(12, 'granddaughter', 1, 0, '0000-00-00 00:00:00', 0, '0000-00-00 00:00:00');

-- --------------------------------------------------------

--
-- Table structure for table `history`
--

CREATE TABLE `history` (
  `id` int(11) NOT NULL,
  `mail_sms` tinyint(4) NOT NULL COMMENT '1- Mail / 2- SMS',
  `total_users` int(20) NOT NULL,
  `message` text NOT NULL,
  `status_id` tinyint(4) NOT NULL DEFAULT 1 COMMENT '1-Send/ 2- Failed',
  `job_id` varchar(20) NOT NULL,
  `added_by` int(11) NOT NULL,
  `added_date` timestamp NOT NULL DEFAULT current_timestamp(),
  `updated_by` int(11) NOT NULL,
  `updated_date` timestamp NULL DEFAULT NULL ON UPDATE current_timestamp()
) ENGINE=InnoDB DEFAULT CHARSET=latin1;

-- --------------------------------------------------------

--
-- Table structure for table `marital_status`
--

CREATE TABLE `marital_status` (
  `id` int(11) NOT NULL,
  `user_id` int(11) NOT NULL,
  `marital_status_name` varchar(500) NOT NULL,
  `status` tinyint(4) NOT NULL DEFAULT 2 COMMENT '1-Active, 2-Inactive,',
  `created_by` int(11) NOT NULL,
  `created_date` timestamp NOT NULL DEFAULT current_timestamp(),
  `updated_by` int(11) DEFAULT NULL,
  `updated_date` timestamp NULL DEFAULT NULL ON UPDATE current_timestamp()
) ENGINE=InnoDB DEFAULT CHARSET=latin1;

--
-- Dumping data for table `marital_status`
--

INSERT INTO `marital_status` (`id`, `user_id`, `marital_status_name`, `status`, `created_by`, `created_date`, `updated_by`, `updated_date`) VALUES
(1, 0, 'Separated', 1, 0, '0000-00-00 00:00:00', 0, '0000-00-00 00:00:00'),
(2, 0, 'Divorcee', 1, 0, '0000-00-00 00:00:00', 0, '0000-00-00 00:00:00'),
(3, 0, 'Widow/Widower', 1, 0, '0000-00-00 00:00:00', 0, '0000-00-00 00:00:00'),
(4, 0, 'Unmarried', 1, 0, '0000-00-00 00:00:00', 0, '0000-00-00 00:00:00'),
(5, 0, 'Married', 1, 0, '0000-00-00 00:00:00', 0, '0000-00-00 00:00:00');

-- --------------------------------------------------------

--
-- Table structure for table `notifications`
--

CREATE TABLE `notifications` (
  `id` int(11) NOT NULL,
  `type` int(11) NOT NULL COMMENT '1-Customer order, 2-customer invoice, 3-dealer invoice, 4- Dealer product order, 5- Customer payment, 6- Employee payment, 7- Dealer payment, 8- Employee expenses, 9- customer birthday, 10- dealer birthday, 11- employee birthday, 12- customer anni, 13- dealer anni, 14- employee anni',
  `subject` varchar(500) NOT NULL,
  `message` text NOT NULL,
  `read_status` int(11) NOT NULL DEFAULT 0,
  `order_id` int(11) NOT NULL,
  `notify_for` int(11) NOT NULL COMMENT '0 / 1 -Admin / 2-Sub-User/ 3- CNF/ 4- SuperStockist/ 5-Stockist/ 6-Dealer/ 7- Sales Executive',
  `user_id` int(11) NOT NULL DEFAULT 0,
  `status_id` tinyint(4) NOT NULL DEFAULT 1 COMMENT '0-deleted, 1-active, 2-inactive',
  `created_date` datetime NOT NULL DEFAULT current_timestamp()
) ENGINE=InnoDB DEFAULT CHARSET=latin1;

--
-- Dumping data for table `notifications`
--

INSERT INTO `notifications` (`id`, `type`, `subject`, `message`, `read_status`, `order_id`, `notify_for`, `user_id`, `status_id`, `created_date`) VALUES
(1, 5, 'New User Registered', '<div style=\'padding: 30px; font-family: \'Helvetica Neue\', \'Helvetica\', \'Arial\', sans-serif; line-height: 25px; \n			font-size: 16px; font-weight: 300; color: #444\'>\n			<p>\n			Dear Admin, follwing are the Details of new Registered User: <br><br>\n		\n			User Name: DipakLokhande<br>\n			User Email: dipaklokhande81@gmail.com<br>\n			User Contact:<br>\n			Registered at: 2022-01-19 22:10:14<br>\n			</p>\n			</div>', 1, 1, 0, 0, 1, '2022-01-19 22:10:14');

-- --------------------------------------------------------

--
-- Table structure for table `pincode`
--

CREATE TABLE `pincode` (
  `id` int(11) NOT NULL,
  `area_name` varchar(100) NOT NULL,
  `pin_code` int(11) NOT NULL,
  `country_id` int(11) NOT NULL,
  `state_id` int(11) NOT NULL,
  `city_id` int(11) NOT NULL,
  `status_id` tinyint(1) NOT NULL DEFAULT 1
) ENGINE=InnoDB DEFAULT CHARSET=latin1;

--
-- Dumping data for table `pincode`
--

INSERT INTO `pincode` (`id`, `area_name`, `pin_code`, `country_id`, `state_id`, `city_id`, `status_id`) VALUES
(1, 'Shivajinagar', 411041, 110, 1, 1, 1),
(2, 'Swarget', 411042, 110, 1, 1, 1),
(3, 'Katraj', 411048, 110, 1, 1, 1),
(4, 'Aanad Nager', 444605, 110, 1, 3, 1),
(5, 'Dhanori', 411015, 110, 1, 1, 1);

-- --------------------------------------------------------

--
-- Table structure for table `religion`
--

CREATE TABLE `religion` (
  `id` int(11) NOT NULL,
  `user_id​` varchar(15) NOT NULL,
  `religion` varchar(500) NOT NULL,
  `status` tinyint(4) NOT NULL DEFAULT 2 COMMENT '1-Active, 2-Inactive,',
  `created_by` int(11) NOT NULL,
  `created_date` timestamp NOT NULL DEFAULT current_timestamp(),
  `updated_by` int(11) DEFAULT NULL,
  `updated_date` timestamp NULL DEFAULT NULL ON UPDATE current_timestamp()
) ENGINE=InnoDB DEFAULT CHARSET=latin1;

-- --------------------------------------------------------

--
-- Table structure for table `resident_address`
--

CREATE TABLE `resident_address` (
  `id` int(11) NOT NULL,
  `user_id` int(11) NOT NULL,
  `family_id` int(11) NOT NULL,
  `address` text DEFAULT NULL,
  `landmark` varchar(500) NOT NULL,
  `country` varchar(250) NOT NULL,
  `state` varchar(250) NOT NULL,
  `city` varchar(250) NOT NULL,
  `district` varchar(250) NOT NULL,
  `pincode` int(11) NOT NULL,
  `created_by` int(11) NOT NULL,
  `created_date` timestamp NOT NULL DEFAULT current_timestamp() ON UPDATE current_timestamp(),
  `added_by` int(11) NOT NULL,
  `added_date` timestamp NOT NULL DEFAULT current_timestamp() ON UPDATE current_timestamp(),
  `update_by` int(11) NOT NULL,
  `update_date` timestamp NULL DEFAULT NULL,
  `status` tinyint(4) NOT NULL COMMENT '1-Active, 2-Inactive'
) ENGINE=InnoDB DEFAULT CHARSET=latin1;

--
-- Dumping data for table `resident_address`
--

INSERT INTO `resident_address` (`id`, `user_id`, `family_id`, `address`, `landmark`, `country`, `state`, `city`, `district`, `pincode`, `created_by`, `created_date`, `added_by`, `added_date`, `update_by`, `update_date`, `status`) VALUES
(1, 1, 0, 'Behind hvpn near mata khidki', 'Aanand nager', 'India', 'Maharashtra', 'Amravati', 'Amravati', 444605, 0, '2022-01-19 16:57:51', 0, '2022-01-19 16:42:05', 1, '2022-01-19 16:42:04', 0),
(2, 1, 0, 'Behind hvpn near mata khidki', 'Aanand nager', 'India', 'Maharashtra', 'Maharashtra', 'Amravati', 444605, 0, '2022-01-19 16:57:51', 1, '2022-01-19 16:42:09', 1, '2022-01-19 16:42:09', 0),
(3, 1, 0, 'Behind hvpn near mata khidki', 'Aanand nager', 'India', 'Maharashtra', 'Maharashtra', 'Amravati', 444605, 0, '2022-01-19 16:57:51', 1, '2022-01-19 16:42:35', 1, '2022-01-19 16:42:35', 0),
(4, 1, 0, 'Behind hvpn near mata khidki', 'Aanand nager', 'India', 'Maharashtra', 'Maharashtra', 'Amravati', 444605, 0, '2022-01-19 16:57:51', 1, '2022-01-19 16:43:36', 1, '2022-01-19 16:43:36', 0),
(5, 1, 0, 'Behind hvpn near mata khidki', 'Aanand nager', 'India', 'Maharashtra', 'Maharashtra', 'Amravati', 444605, 0, '2022-01-19 16:57:51', 1, '2022-01-19 16:43:36', 0, NULL, 1),
(6, 0, 3, 'Behind hvpn near mata khidki', 'Aanand nager amravati', 'India', 'Maharashtra', 'Maharashtra', 'Amravati', 444605, 1, '2022-01-19 16:57:58', 0, '2022-01-19 16:57:58', 0, NULL, 1),
(7, 0, 4, 'Behind hvpn near mata khidki', 'Aanand nager amravati', 'India', 'Maharashtra', 'Maharashtra', 'Amravati', 444605, 1, '2022-01-19 17:21:15', 0, '2022-01-19 17:21:15', 1, '2022-01-19 17:21:15', 0),
(8, 0, 5, 'Behind hvpn near mata khidki', 'Aanand nager amravati', 'India', 'Maharashtra', 'Maharashtra', 'Amravati', 444605, 1, '2022-01-19 17:15:35', 0, '2022-01-19 17:15:35', 0, NULL, 1);

-- --------------------------------------------------------

--
-- Table structure for table `state`
--

CREATE TABLE `state` (
  `id` int(11) NOT NULL,
  `country_id` int(11) NOT NULL,
  `state_name` varchar(50) NOT NULL,
  `status_id` tinyint(4) NOT NULL
) ENGINE=InnoDB DEFAULT CHARSET=latin1;

-- --------------------------------------------------------

--
-- Table structure for table `user`
--

CREATE TABLE `user` (
  `id` int(11) NOT NULL,
  `email` varchar(500) NOT NULL,
  `password` varchar(500) NOT NULL,
  `contact` varchar(20) NOT NULL,
  `image` varchar(200) NOT NULL,
  `status_id` tinyint(4) NOT NULL COMMENT '1-Active, 2-Inactive',
  `random_no` varchar(20) DEFAULT NULL,
  `valid_till` datetime DEFAULT NULL,
  `flag` tinyint(4) NOT NULL COMMENT '0-Admin, 1-subadmin, 2- Expert, 3- user',
  `user_level` varchar(50) NOT NULL
) ENGINE=InnoDB DEFAULT CHARSET=latin1;

--
-- Dumping data for table `user`
--

INSERT INTO `user` (`id`, `email`, `password`, `contact`, `image`, `status_id`, `random_no`, `valid_till`, `flag`, `user_level`) VALUES
(1, 'dipaklokhande81@gmail.com', '676c03e2e1879f7bee803a50e68f07c4', '7620508512', '1642610616_IMG-20200909-WA0001.jpg', 1, '585659', '2022-01-19 22:20:02', 2, ''),
(2, 'admin@mahateli.com', '21232f297a57a5a743894a0e4a801fc3', '7391915164', '', 1, '', '0000-00-00 00:00:00', 0, '');

-- --------------------------------------------------------

--
-- Table structure for table `user_details`
--

CREATE TABLE `user_details` (
  `id` int(11) NOT NULL,
  `user_id` int(15) NOT NULL,
  `foundation` varchar(800) NOT NULL,
  `first` varchar(200) NOT NULL,
  `middle` varchar(230) NOT NULL,
  `last` varchar(250) NOT NULL,
  `image` varchar(100) NOT NULL,
  `gender` varchar(20) NOT NULL,
  `contry_code` varchar(20) NOT NULL,
  `contact` varchar(30) NOT NULL,
  `date_of_birth` date NOT NULL,
  `religion` varchar(50) NOT NULL,
  `language` varchar(50) NOT NULL,
  `marital_status` varchar(250) NOT NULL,
  `created_by` int(11) NOT NULL,
  `created_date` timestamp NOT NULL DEFAULT current_timestamp() ON UPDATE current_timestamp(),
  `added_by` int(11) NOT NULL,
  `added_date` timestamp NULL DEFAULT NULL,
  `update_by` int(11) NOT NULL,
  `update_date` timestamp NULL DEFAULT NULL,
  `status` tinyint(4) NOT NULL COMMENT '1-Active, 2-Inactive'
) ENGINE=InnoDB DEFAULT CHARSET=latin1;

--
-- Dumping data for table `user_details`
--

INSERT INTO `user_details` (`id`, `user_id`, `foundation`, `first`, `middle`, `last`, `image`, `gender`, `contry_code`, `contact`, `date_of_birth`, `religion`, `language`, `marital_status`, `created_by`, `created_date`, `added_by`, `added_date`, `update_by`, `update_date`, `status`) VALUES
(1, 1, 'Sri Shani-Shaneswar Foundation', 'Dipak', 'Manik', 'Lokhande', '', 'male', '1', '7620508512', '1997-12-22', 'Hindu', 'Marathi', '4', 0, '2022-01-19 16:42:04', 0, NULL, 1, '2022-01-19 16:42:04', 0),
(2, 1, 'Sri Shani-Shaneswar Foundation', 'Ajay', 'Vithal', 'Lokhande', '', 'male', '', '7620508512', '1997-12-22', 'Hindu', 'Marathi', '4', 0, '2022-01-19 16:42:09', 1, '2022-01-19 16:42:04', 1, '2022-01-19 16:42:09', 0),
(3, 1, 'Sri Shani-Shaneswar Foundation', 'Ajay', 'Vithal', 'Lokhande', '', 'male', '', '7620508512', '1997-12-22', 'Hindu', 'Marathi', '4', 0, '2022-01-19 16:42:35', 1, '2022-01-19 16:42:09', 1, '2022-01-19 16:42:35', 0),
(4, 1, 'Sri Shani-Shaneswar Foundation', 'Ajay', 'Vithal', 'Lokhande', '', 'male', '', '7620508512', '1997-12-22', 'Hindu', 'Marathi', '4', 0, '2022-01-19 16:43:36', 1, '2022-01-19 16:42:35', 1, '2022-01-19 16:43:36', 0),
(5, 1, 'Sri Shani-Shaneswar Foundation', 'Ajay', 'Vithal', 'Lokhande', '', 'male', '', '7620508512', '1997-12-22', 'Hindu', 'Marathi', '4', 0, '2022-01-19 16:43:36', 1, '2022-01-19 16:43:36', 0, NULL, 1);

-- --------------------------------------------------------

--
-- Table structure for table `user_family_details`
--

CREATE TABLE `user_family_details` (
  `id` int(11) NOT NULL,
  `user_id` int(15) NOT NULL,
  `relation_id` int(12) NOT NULL,
  `first` varchar(200) NOT NULL,
  `middle` varchar(250) NOT NULL,
  `last` varchar(250) NOT NULL,
  `email` varchar(300) NOT NULL,
  `image` varchar(100) NOT NULL,
  `gender` varchar(20) NOT NULL,
  `contry_code` varchar(20) NOT NULL,
  `contact` varchar(30) NOT NULL,
  `date_of_birth` date NOT NULL,
  `religion` varchar(50) NOT NULL,
  `language` varchar(50) NOT NULL,
  `marital_status` varchar(250) NOT NULL,
  `relation` varchar(200) NOT NULL,
  `created_by` int(11) NOT NULL,
  `created_date` timestamp NOT NULL DEFAULT current_timestamp() ON UPDATE current_timestamp(),
  `added_by` int(11) NOT NULL,
  `added_date` timestamp NULL DEFAULT NULL,
  `update_by` int(11) NOT NULL,
  `update_date` timestamp NULL DEFAULT NULL,
  `status` tinyint(4) NOT NULL COMMENT '1-Active, 2-Inactive'
) ENGINE=InnoDB DEFAULT CHARSET=latin1;

--
-- Dumping data for table `user_family_details`
--

INSERT INTO `user_family_details` (`id`, `user_id`, `relation_id`, `first`, `middle`, `last`, `email`, `image`, `gender`, `contry_code`, `contact`, `date_of_birth`, `religion`, `language`, `marital_status`, `relation`, `created_by`, `created_date`, `added_by`, `added_date`, `update_by`, `update_date`, `status`) VALUES
(1, 1, 1, 'Dipak', 'Manik', 'lokhande', 'dipaklokhande81@gmail.com', '1642611385_IMG-20200909-WA0001.jpg', 'male', '', '7391915164', '1990-12-22', 'Hindu', 'Hindi', '5', '', 1, '2022-01-19 17:02:35', 0, NULL, 0, NULL, 1),
(2, 1, 1, 'Dipak', 'Manik', 'lokhande', 'dipaklokhande81@gmail.com', '1642611403_IMG-20200909-WA0001.jpg', 'male', '', '7391915164', '1990-12-22', 'Hindu', 'Hindi', '5', '', 1, '2022-01-19 17:02:43', 0, NULL, 0, NULL, 1),
(3, 1, 1, 'Dipak', 'Manik', 'lokhande', 'dipaklokhande81@gmail.com', '1642611478_IMG-20200909-WA0001.jpg', 'male', '', '7391915164', '1990-12-22', 'Hindu', 'Hindi', '5', '', 1, '2022-01-19 17:02:45', 0, NULL, 0, NULL, 1),
(4, 1, 1, 'Dipak', 'Manik', 'lokhande', 'dipaklokhande81@gmail.com', '1642611522_IMG-20200909-WA0001.jpg', 'male', '', '7391915164', '1990-12-22', 'Hindu', 'Hindi', '5', '', 1, '2022-01-19 17:21:15', 0, NULL, 1, '2022-01-19 17:21:15', 0),
(5, 1, 11, 'Dipak', 'Manik', 'lokhande', 'dipaklokhande81@gmail.com', '1642612535_gitlab..png', 'male', '', '7878787878', '1997-12-22', 'Hindu', 'Marathi', '4', '', 1, '2022-01-19 17:15:35', 0, NULL, 0, NULL, 1);

-- --------------------------------------------------------

--
-- Table structure for table `visitor`
--

CREATE TABLE `visitor` (
  `id` int(11) NOT NULL,
  `ip_address` varchar(500) NOT NULL,
  `created_date` datetime NOT NULL DEFAULT current_timestamp(),
  `status` tinyint(1) NOT NULL DEFAULT 1
) ENGINE=InnoDB DEFAULT CHARSET=latin1;

--
-- Indexes for dumped tables
--

--
-- Indexes for table `about_shop_own`
--
ALTER TABLE `about_shop_own`
  ADD PRIMARY KEY (`website_id`);

--
-- Indexes for table `authenticate`
--
ALTER TABLE `authenticate`
  ADD PRIMARY KEY (`id`);

--
-- Indexes for table `caste`
--
ALTER TABLE `caste`
  ADD PRIMARY KEY (`id`);

--
-- Indexes for table `city`
--
ALTER TABLE `city`
  ADD PRIMARY KEY (`id`);

--
-- Indexes for table `ci_sessions`
--
ALTER TABLE `ci_sessions`
  ADD KEY `ci_sessions_timestamp` (`timestamp`);

--
-- Indexes for table `correspondence_address`
--
ALTER TABLE `correspondence_address`
  ADD PRIMARY KEY (`id`);

--
-- Indexes for table `country`
--
ALTER TABLE `country`
  ADD PRIMARY KEY (`id`);

--
-- Indexes for table `enquiry`
--
ALTER TABLE `enquiry`
  ADD PRIMARY KEY (`id`);

--
-- Indexes for table `family_relation`
--
ALTER TABLE `family_relation`
  ADD PRIMARY KEY (`id`);

--
-- Indexes for table `history`
--
ALTER TABLE `history`
  ADD PRIMARY KEY (`id`);

--
-- Indexes for table `marital_status`
--
ALTER TABLE `marital_status`
  ADD PRIMARY KEY (`id`);

--
-- Indexes for table `notifications`
--
ALTER TABLE `notifications`
  ADD PRIMARY KEY (`id`);

--
-- Indexes for table `pincode`
--
ALTER TABLE `pincode`
  ADD PRIMARY KEY (`id`);

--
-- Indexes for table `religion`
--
ALTER TABLE `religion`
  ADD PRIMARY KEY (`id`);

--
-- Indexes for table `resident_address`
--
ALTER TABLE `resident_address`
  ADD PRIMARY KEY (`id`);

--
-- Indexes for table `state`
--
ALTER TABLE `state`
  ADD PRIMARY KEY (`id`);

--
-- Indexes for table `user`
--
ALTER TABLE `user`
  ADD PRIMARY KEY (`id`);

--
-- Indexes for table `user_details`
--
ALTER TABLE `user_details`
  ADD PRIMARY KEY (`id`);

--
-- Indexes for table `user_family_details`
--
ALTER TABLE `user_family_details`
  ADD PRIMARY KEY (`id`);

--
-- Indexes for table `visitor`
--
ALTER TABLE `visitor`
  ADD PRIMARY KEY (`id`);

--
-- AUTO_INCREMENT for dumped tables
--

--
-- AUTO_INCREMENT for table `about_shop_own`
--
ALTER TABLE `about_shop_own`
  MODIFY `website_id` int(11) NOT NULL AUTO_INCREMENT, AUTO_INCREMENT=3;

--
-- AUTO_INCREMENT for table `authenticate`
--
ALTER TABLE `authenticate`
  MODIFY `id` int(11) NOT NULL AUTO_INCREMENT;

--
-- AUTO_INCREMENT for table `caste`
--
ALTER TABLE `caste`
  MODIFY `id` int(11) NOT NULL AUTO_INCREMENT, AUTO_INCREMENT=6;

--
-- AUTO_INCREMENT for table `city`
--
ALTER TABLE `city`
  MODIFY `id` int(11) NOT NULL AUTO_INCREMENT, AUTO_INCREMENT=2;

--
-- AUTO_INCREMENT for table `correspondence_address`
--
ALTER TABLE `correspondence_address`
  MODIFY `id` int(11) NOT NULL AUTO_INCREMENT, AUTO_INCREMENT=5;

--
-- AUTO_INCREMENT for table `country`
--
ALTER TABLE `country`
  MODIFY `id` int(11) NOT NULL AUTO_INCREMENT, AUTO_INCREMENT=262;

--
-- AUTO_INCREMENT for table `enquiry`
--
ALTER TABLE `enquiry`
  MODIFY `id` int(11) NOT NULL AUTO_INCREMENT, AUTO_INCREMENT=7;

--
-- AUTO_INCREMENT for table `family_relation`
--
ALTER TABLE `family_relation`
  MODIFY `id` int(11) NOT NULL AUTO_INCREMENT, AUTO_INCREMENT=13;

--
-- AUTO_INCREMENT for table `history`
--
ALTER TABLE `history`
  MODIFY `id` int(11) NOT NULL AUTO_INCREMENT;

--
-- AUTO_INCREMENT for table `marital_status`
--
ALTER TABLE `marital_status`
  MODIFY `id` int(11) NOT NULL AUTO_INCREMENT, AUTO_INCREMENT=6;

--
-- AUTO_INCREMENT for table `notifications`
--
ALTER TABLE `notifications`
  MODIFY `id` int(11) NOT NULL AUTO_INCREMENT, AUTO_INCREMENT=2;

--
-- AUTO_INCREMENT for table `pincode`
--
ALTER TABLE `pincode`
  MODIFY `id` int(11) NOT NULL AUTO_INCREMENT, AUTO_INCREMENT=6;

--
-- AUTO_INCREMENT for table `religion`
--
ALTER TABLE `religion`
  MODIFY `id` int(11) NOT NULL AUTO_INCREMENT;

--
-- AUTO_INCREMENT for table `resident_address`
--
ALTER TABLE `resident_address`
  MODIFY `id` int(11) NOT NULL AUTO_INCREMENT, AUTO_INCREMENT=9;

--
-- AUTO_INCREMENT for table `state`
--
ALTER TABLE `state`
  MODIFY `id` int(11) NOT NULL AUTO_INCREMENT;

--
-- AUTO_INCREMENT for table `user`
--
ALTER TABLE `user`
  MODIFY `id` int(11) NOT NULL AUTO_INCREMENT, AUTO_INCREMENT=3;

--
-- AUTO_INCREMENT for table `user_details`
--
ALTER TABLE `user_details`
  MODIFY `id` int(11) NOT NULL AUTO_INCREMENT, AUTO_INCREMENT=6;

--
-- AUTO_INCREMENT for table `user_family_details`
--
ALTER TABLE `user_family_details`
  MODIFY `id` int(11) NOT NULL AUTO_INCREMENT, AUTO_INCREMENT=6;

--
-- AUTO_INCREMENT for table `visitor`
--
ALTER TABLE `visitor`
  MODIFY `id` int(11) NOT NULL AUTO_INCREMENT;
COMMIT;

/*!40101 SET CHARACTER_SET_CLIENT=@OLD_CHARACTER_SET_CLIENT */;
/*!40101 SET CHARACTER_SET_RESULTS=@OLD_CHARACTER_SET_RESULTS */;
/*!40101 SET COLLATION_CONNECTION=@OLD_COLLATION_CONNECTION */;
